INSERT INTO MONIKIELINENTEKSTI(ID, VERSION) VALUES
(1, 0),
(2, 0),
(3, 0),
(11, 0),
(12, 0),
(13, 0);

INSERT INTO MONIKIELINENTEKSTI_VALUES(ID, VALUE, KEY) VALUES
(1, 'opetushallitus', 'fi'),
(2, 'koulutustoimija', 'fi'),
(3, 'ryhma', 'fi');
INSERT INTO MONIKIELINENTEKSTI_VALUES(ID, VALUE, KEY) VALUES
(11, 'opetushallitus kuvaus', 'fi'),
(12, 'koulutustoimija kuvaus', 'fi'),
(13, 'ryhma kuvaus', 'fi');

INSERT INTO ORGANISAATIO(ID, VERSION, ALKUPVM, DOMAINNIMI, KOTIPAIKKA, LAKKAUTUSPVM, MAA, NIMIHAKU, OID, OPETUSPISTEENJARJNRO, OPPILAITOSKOODI, OPPILAITOSTYYPPI, ORGANISAATIOPOISTETTU, PAIVITTAJA, PAIVITYSPVM, PARENTIDPATH, TOIMIPISTEKOODI, TUONTIPVM, VIRASTOTUNNUS, YHTEISHAUNKOULUKOODI, YRITYSMUOTO, YTJPAIVITYSPVM, YTUNNUS, KUVAUS_MKT, METADATA_ID, NIMI_MKT, PIILOTETTU) VALUES
(1, 0, DATE '2004-06-29', NULL, 'Helsinki', NULL, NULL, 'opetushallitus', '1.2.246.562.24.00000000001', NULL, NULL, NULL, FALSE, NULL, NULL, NULL, NULL, NULL, NULL, NULL, 'oy', NULL, NULL, 11, NULL, 1, FALSE),
(2, 2, DATE '2004-08-08', NULL, 'Helsinki', NULL, NULL, 'koulutustoimija', '1.2.2004.1', NULL, '12345', NULL, FALSE, NULL, NULL, '|1|', NULL, NULL, NULL, NULL, 'oy', NULL, '2255802-1', 12, NULL, 2, FALSE),
(3, 2, DATE '2013-06-29', NULL, 'Helsinki', NULL, NULL, 'ryhma', '1.2.2004.2', 1, NULL, NULL, FALSE, NULL, NULL, '|1|2|', '123451', NULL, NULL, NULL, 'oy', NULL, '1234567-2', 13, NULL, 3, FALSE);

INSERT INTO ORGANISAATIO_PARENT_OIDS(ORGANISAATIO_ID, PARENT_OID, PARENT_POSITION) VALUES
(2, '1.2.246.562.24.00000000001', 0),
(3, '1.2.246.562.24.00000000001', 0);

INSERT INTO YHTEYSTIETO(DTYPE, ID, VERSION, KIELI, YHTEYSTIETOOID, COORDINATETYPE, EXTRARIVI, LAT, LNG, MAA, OSAVALTIO, OSOITE, OSOITETYYPPI, POSTINUMERO, POSTITOIMIPAIKKA, YTJPAIVITYSPVM, PUHELINNUMERO, TYYPPI, EMAIL, WWWOSOITE, ORGANISAATIO_ID) VALUES
('Osoite', 1, 0, 'kieli_fi#1', '14175174062990.39764983115354857', NULL, NULL, NULL, NULL, NULL, NULL, 'Mannerheimintie 1', 'posti', 'posti_00100', 'Helsinki', NULL, NULL, NULL, NULL, NULL, 1),
('Osoite', 2, 0, 'kieli_fi#1', '14175174062990.620466503755304', NULL, NULL, NULL, NULL, NULL, NULL, 'Mannerheimintie 1', 'kaynti', 'posti_00100', 'Helsinki', NULL, NULL, NULL, NULL, NULL, 1),
('Puhelinnumero', 3, 0, 'kieli_fi#1', '14175174062990.8204006983929734', NULL, NULL, NULL, NULL, NULL, NULL, NULL, NULL, NULL, NULL, NULL, '12345', 'puhelin', NULL, NULL, 1),
('Email', 6, 0, 'kieli_fi#1', '14175174062990.12215188486861617', NULL, NULL, NULL, NULL, NULL, NULL, NULL, NULL, NULL, NULL, NULL, NULL, NULL, 'testi@oph.fi', NULL, 1),
('Osoite', 7, 0, 'kieli_fi#1', '14175174064390.7485633929107891', NULL, NULL, NULL, NULL, NULL, NULL, 'Mannerheimintie 1', 'posti', 'posti_00100', 'Helsinki', NULL, NULL, NULL, NULL, NULL, 2),
('Osoite', 8, 0, 'kieli_fi#1', '14175174064390.6645604532079388', NULL, NULL, NULL, NULL, NULL, NULL, 'Mannerheimintie 1', 'kaynti', 'posti_00100', 'Helsinki', NULL, NULL, NULL, NULL, NULL, 2),
('Puhelinnumero', 9, 0, 'kieli_fi#1', '14175174064390.759769529586222', NULL, NULL, NULL, NULL, NULL, NULL, NULL, NULL, NULL, NULL, NULL, '12345', 'puhelin', NULL, NULL, 2),
('Email', 12, 0, 'kieli_fi#1', '14175174064390.5149287835370774', NULL, NULL, NULL, NULL, NULL, NULL, NULL, NULL, NULL, NULL, NULL, NULL, NULL, 'testi@oph.fi', NULL, 2),
('Osoite', 13, 0, 'kieli_fi#1', '14175174064820.8648056949629902', NULL, NULL, NULL, NULL, NULL, NULL, 'Mannerheimintie 1', 'posti', 'posti_00100', 'Helsinki', NULL, NULL, NULL, NULL, NULL, 3),
('Osoite', 14, 0, 'kieli_fi#1', '14175174064820.7481032001042686', NULL, NULL, NULL, NULL, NULL, NULL, 'Mannerheimintie 1', 'kaynti', 'posti_00100', 'Helsinki', NULL, NULL, NULL, NULL, NULL, 3),
('Puhelinnumero', 15, 0, 'kieli_fi#1', '14175174064820.023236488244545495', NULL, NULL, NULL, NULL, NULL, NULL, NULL, NULL, NULL, NULL, NULL, '12345', 'puhelin', NULL, NULL, 3),
('Email', 18, 0, 'kieli_fi#1', '14175174064820.8327622948696073', NULL, NULL, NULL, NULL, NULL, NULL, NULL, NULL, NULL, NULL, NULL, NULL, NULL, 'testi@oph.fi', NULL, 3);

INSERT INTO ORGANISAATIO_NIMI(ID, VERSION, ALKUPVM, PAIVITTAJA, NIMI_MKT, ORGANISAATIO_ID) VALUES
(1, 0, DATE '1970-01-01', NULL, 1, 1),
(2, 0, DATE '1970-01-01', NULL, 2, 2),
(3, 0, DATE '1970-01-01', NULL, 3, 3);

INSERT INTO ORGANISAATIO_TYYPIT(ORGANISAATIO_ID, TYYPIT) VALUES
(1, 'organisaatiotyyppi_01'),
(2, 'organisaatiotyyppi_01'),
(3, 'Ryhma');

INSERT INTO ORGANISAATIOSUHDE(ID, VERSION, ALKUPVM, LOPPUPVM, OPETUSPISTEENJARJNRO, SUHDETYYPPI, CHILD_ID, PARENT_ID) VALUES
(1, 0, TIMESTAMP '2014-12-02 12:50:06.46', NULL, NULL, 'HISTORIA', 2, 1),
(2, 0, TIMESTAMP '2014-12-02 12:50:06.499', NULL, NULL, 'HISTORIA', 3, 1);